INSERT INTO article_categories 
VALUES 
	(1,'animals',1,'2019-02-17 16:09:15'),
	(2,'conquests',4,'2019-02-22 11:31:40'),
    (3,'names',3,'2019-02-17 16:09:23'),
    (4,'news',2,'2019-02-17 16:09:06');


INSERT INTO articles 
VALUES 
	('18nt554jsg1raz2','asdasdasd','asdasd','asdasdasd-18nt554jsg1raz2','teaser-18nt554jsg1raz2','articleprofileimg-1550839708718',7,'2019-02-22 12:43:55'),
    ('18nt5mgjsg20921','asdasd123','asdasd123','asdasd123-18nt5mgjsg20921','teaser-18nt5mgjsg20921','articleprofileimg-1550839903122',1,'2019-02-22 12:50:53'),
    ('18ntbmvjry06x6w','77-es szürreál: Ferrari az angyalföldi sárban','77-es szürreál: Ferrari az angyalföldi sárban','77-es_szurreal:_ferrari_az_angyalfoldi_sarban-18ntbmvjry06x6w','teaser-18ntbmvjry06x6w','articleprofileimg-1549748413812',4,'2019-02-09 21:40:13'),
    ('18ntbmvjry08x1l','Az érintetlen őserdő csak mítosz','Az érintetlen őserdő csak mítosz','az_erintetlen_oserdo_csak_mitosz-18ntbmvjry08x1l','teaser-18ntbmvjry08x1l','articleprofileimg-1549748506940',6,'2019-02-09 21:41:46'),
    ('18ntbmvjry0agjf','Keszthely hivatalosan is bejelentkezett a Red Bull A','Keszthely hivatalosan is bejelentkezett a Red Bull Air','keszthely_hivatalosan_is_bejelentkezett_a_red_bull_a-18ntbmvjry0agjf','teaser-18ntbmvjry0agjf','articleprofileimg-1549748578868',3,'2019-02-09 21:42:58'),
    ('18ntbmvjry0bvzt','Több száz orosz és kínai hírszerző dolgozik Brüsszelben','Több száz orosz és kínai hírszerző dolgozik Brüsszelben','tobb_szaz_orosz_es_kinai_hirszerzo_dolgozik_brusszelben-18ntbmvjry0bvzt','teaser-18ntbmvjry0bvzt','articleprofileimg-1549748645552',2,'2019-02-09 21:44:05'),
    ('18ntbmvjry0dl7s','Fél kiló kokaint találtak egy budapesti irodában','Fél kiló kokaint találtak egy budapesti irodában','fel_kilo_kokaint_talaltak_egy_budapesti_irodaban-18ntbmvjry0dl7s','teaser-18ntbmvjry0dl7s','articleprofileimg-1549748724896',5,'2019-02-09 21:45:24'),('18ntg0yjsi2v3bl','asdasdq','asdasd1','asdasdq-18ntg0yjsi2v3bl','teaser-18ntg0yjsi2v3bl',NULL,0,'2019-02-23 22:50:24');

INSERT INTO categories_of_articles 
VALUES 
	(1,'18ntbmvjry06x6w'),
    (1,'18ntbmvjry0agjf'),
    (2,'18ntbmvjry0agjf'),
    (3,'18ntbmvjry0bvzt'),
    (4,'18ntbmvjry0dl7s'),
    (1,'18nt554jsg1raz2'),
    (2,'18nt5mgjsg20921'),
    (3,'18ntbmvjry08x1l'),
    (4,'18ntbmvjry08x1l'),
    (2,'18ntg0yjsi2v3bl');